week_start,load_end_users_ch_mw,load_ti_mw,load_bl_bs_mw,load_sh_zh_mw,load_ge_vd_mw
2014-12-30,6716.721889544885,352.82186846764097,397.98505753653444,1098.681332217119,915.3943047599165
2015-01-06,7359.453543821429,368.79526663095237,439.19784880357145,1205.0829459107142,948.4494587738095
2015-01-13,7542.733601779762,399.59728708333336,445.5364269345238,1220.463912607143,935.9135226428572
2015-01-20,7816.0089664821435,403.7743466488095,457.2059683333333,1263.026154654762,965.289306470238
2015-01-27,7803.731310309524,408.5154103333333,454.7669598809524,1250.5171645654762,979.6415977440477
2015-02-03,8076.192309494048,414.0402386785714,466.2930010357143,1290.6859518035715,979.4603588333333
2015-02-10,7697.697268232143,397.20649926190475,448.2229861845238,1241.3882831011904,968.7026018809523
2015-02-17,7658.625301589285,394.2193227916667,438.04922225595243,1225.1128213988095,976.3079782083335
2015-02-24,7506.671196160714,385.23807882738095,429.2458227083333,1211.7067416190478,937.2053321785713
2015-03-03,7263.683828886905,368.3883125833333,427.4974604523809,1176.806894720238,940.7340892738096
2015-03-10,7002.772494136904,352.05085343452384,423.3597576845238,1139.8197281904763,921.2776296666667
2015-03-17,6757.291758535714,342.32071294642856,420.6842594404762,1114.489366136905,891.1900821666667
2015-03-24,6840.15930105988,349.6434246706587,421.6667429760479,1125.438093275449,925.0743670359282
2015-03-31,6340.27146352381,325.25498597023807,381.06316564285714,1063.4642691428571,892.8936438452381
2015-04-07,6283.584814249999,319.132974,396.7131465595238,1054.131184232143,856.1040309047619
2015-04-14,6144.295258803571,312.96699914285716,392.20682785714286,1030.6158440654763,834.3054856964286
2015-04-21,6016.698203886905,314.6286300714286,392.22619016666664,991.2935315357142,821.4097483809525
2015-04-28,6141.026761589285,319.50426884523813,383.40776167857143,1000.0747749642857,868.5410227559524
2015-05-05,5981.151825071429,315.31587038690475,390.94345974404763,1007.8930365297618,838.0788650654762
2015-05-12,5588.93954514881,311.1630576607143,361.42778475,943.8677847619048,781.5007924583333
2015-05-19,5931.286631940476,313.3623928214286,373.8075246428572,994.0890374166668,844.6777850892857
2015-05-26,5958.317275023809,303.99786030357143,385.4428873333333,997.8098153333333,815.6700698095239
2015-06-02,5854.727413619047,317.49200370833336,390.9894642202381,995.2521930357143,829.8628009047619
2015-06-09,5872.641682845238,331.1788469642857,388.9207359940476,988.040566577381,819.4283546249999
2015-06-16,5846.379357857142,303.5181366845238,384.315071875,980.5975474166668,803.5771241190477
2015-06-23,5792.147147952381,289.4315879345238,383.2074522916667,966.274758077381,799.0359260357143
2015-06-30,6013.4658658392855,319.58673152380953,396.74129289880955,1020.7075065833333,841.4475017499999
2015-07-07,5835.21177139881,323.81832158333333,379.27091986309523,986.274101672619,812.5750749821428
2015-07-14,5795.763904535714,327.6070481547619,383.8812007797619,970.7269174226191,827.3884135892857
2015-07-21,5512.693009041667,329.1456559226191,378.80838095238096,934.011749827381,837.6764223154763
2015-07-28,5178.330466345238,299.39067795238094,355.5198179464286,875.4254177023809,848.0149490119048
2015-08-04,5568.185334422619,292.34728886309523,387.4118888928571,951.7716075833332,812.9274091249999
2015-08-11,5760.782186690476,279.2764330952381,390.3589398988095,982.4379422321429,851.9527061904761
2015-08-18,5807.641014315476,288.80746101190476,384.98383954166667,972.5287189464285,843.9177255416666
2015-08-25,5904.550903779762,296.6914722797619,397.0962590892857,986.1994752440476,840.8679431071429
2015-09-01,5950.795381089286,298.3334152261905,389.41629091666664,989.1889111666666,825.4263832916668
2015-09-08,5949.434938023809,306.9540053571429,388.076830125,984.9975354583333,834.6797935773809
2015-09-15,6068.702304863095,323.2420739166667,393.83355459523807,1009.5496553571429,888.4353564047619
2015-09-22,6205.60443985119,308.6212140595238,397.57224111309523,1034.0477526845239,842.6710838988095
2015-09-29,6215.909884023809,326.5707555059524,391.81712404166666,1035.189955970238,840.1385497976191
2015-10-06,6222.974044809524,322.6930678452381,391.32906710119045,1026.0141901428572,852.3577677142857
2015-10-13,6656.4588467738095,330.59677235119045,410.1827398214285,1109.4619498214286,838.4765839464285
2015-10-20,6570.568736852071,332.05573759763314,406.51944870414206,1107.0930187988167,840.0981177218936
2015-10-27,6551.763829726191,330.17949724404764,409.3525288154762,1110.582844125,831.6432032142858
2015-11-03,6551.75230352381,331.5907781547619,408.8586201785714,1092.9976884880953,828.7608902380953
2015-11-10,6613.038593041666,337.79780123809525,413.52716492857144,1105.7440539464285,835.4806062440477
2015-11-17,6944.541629916666,360.22414073214287,426.29652772619045,1142.1904692083333,869.2451220059523
2015-11-24,7554.454805982143,385.6546323452381,443.42805887500003,1226.0149414880952,940.0461610059524
2015-12-01,7364.830588839286,372.22275252976186,432.0964252380952,1209.5118743571427,931.177475452381
2015-12-08,7498.365435732143,391.2164569940476,436.4140714761905,1227.800391267857,976.0413012083333
2015-12-15,7160.799335053572,404.77205947023805,429.19456560714286,1177.415885940476,958.1020763690476
2015-12-22,6232.072733839285,366.57380173809526,365.6998887321429,1031.184436827381,955.9570548333332
2015-12-29,6421.847456220238,375.0512392857143,368.4798389464286,1067.5033151488094,901.6409933392857
2016-01-05,7325.08220204762,396.21374194642857,427.80886774404763,1193.1154716607143,954.140290422619
2016-01-12,7831.586712988095,423.9456921666667,443.536678202381,1258.9354297559523,997.3409003690476
2016-01-19,7771.433223684524,432.2888678630952,447.359329625,1253.2346661369047,944.5407215535715
2016-01-26,7197.1947746488095,401.1416710714286,430.37784271428575,1170.6168858095239,915.6999088273809
2016-02-02,7215.887793017858,391.0269589642857,424.5979076904762,1183.2778117380954,931.5492806488096
2016-02-09,7396.508136380953,404.5510928452381,416.7622529821429,1186.4392627380953,945.0657383511905
2016-02-16,7332.982527619048,395.45316188690475,420.81039511309524,1172.9096426904762,934.8321270119047
2016-02-23,7357.253515934524,400.5632588214286,430.2480887261905,1182.6785490833333,928.0491363154763
2016-03-01,7483.61951057738,388.5360291666667,431.92502949404764,1207.912863565476,963.3949736845237
2016-03-08,7313.796652184524,392.04744878571427,423.2536795892857,1183.948473190476,934.1285675535714
2016-03-15,7056.864173642857,361.3285649821429,422.1975562261905,1152.9326459880951,905.8670935357143
2016-03-22,6374.613339670659,349.13892754491013,370.95307033532936,1036.464235497006,908.9085340479041
2016-03-29,6327.4316900535705,353.28437408928573,393.29330210119053,1049.5892963869048,847.6212124702381
2016-04-05,6441.717427999999,346.82362889285713,399.05997277976195,1071.4243368928571,846.2845776785715
2016-04-12,6383.294604154762,350.60220325,396.9701871071428,1073.0704978392857,849.3303296309523
2016-04-19,6298.372316553572,333.31885961904766,398.13772592857146,1055.001323970238,855.580223267857
2016-04-26,6515.513248535714,340.27086922023807,403.76292378571424,1062.7380891428572,851.5670698273809
2016-05-03,5705.433442815476,321.42831772619047,358.4827102619048,941.1574636309524,834.2076880952382
2016-05-10,5951.5437125,335.36367495238096,375.5056454404762,1002.9960029702381,831.2588356845239
2016-05-17,5983.553387607143,321.9164980714286,381.34423504761907,1011.6225883690475,828.5350588214285
2016-05-24,5882.510691339286,313.97784179166666,386.3125077916667,998.937363654762,832.5894182261906
2016-05-31,5892.007662172619,339.0989488988095,381.0602063154762,989.7105711190476,836.227490827381
2016-06-07,5824.927613464286,293.40258307738094,382.75893786309524,991.2455013988094,832.5468436309524
2016-06-14,5886.538652541667,312.89294426785716,385.4308321309524,993.748689452381,837.3852597797619
2016-06-21,5871.384565440477,289.42124698214286,391.32308959523806,987.0895473035714,831.1746110714286
2016-06-28,5786.1039126488095,310.9412688035714,380.39870995238095,976.4717405238096,841.2053066488095
2016-07-05,5740.778341214285,334.42499007142857,375.6490305059524,975.2033878571428,829.5668222440476
2016-07-12,5591.396132916667,316.6907492797619,362.77759908928573,965.6259425952381,795.4637237738095
2016-07-19,5501.044396392857,304.7777125892857,372.91570232142857,941.2591557678572,742.1175869880952
2016-07-26,5145.506321428572,290.66084904166667,349.2013102083333,875.5825765238095,737.8012544761905
2016-08-02,5248.388503869048,285.83112313690475,363.4402476309524,892.9188980654762,780.5266448452381
2016-08-09,5431.581852892858,274.1547120654762,368.78746816666666,925.3077401190477,795.8938912738096
2016-08-16,5707.295262654761,298.10362373214286,384.70907836904763,967.4834787857142,819.5010058869047
2016-08-23,5883.69318764881,308.20252298809527,391.75992651785714,990.9527084761905,829.2906673928571
2016-08-30,5899.164096208334,322.7881710059524,390.43014405357144,983.3979863690477,838.0446974583333
2016-09-06,5790.242213922619,317.1346338690476,378.99542641666665,972.8348401130953,822.4727177559524
2016-09-13,5893.861082994048,315.6154159464286,377.8875267142857,992.8644997202381,832.2384963214287
2016-09-20,5897.500202791667,306.93157586309525,368.8403176071429,997.9846014285715,873.3721004523809
2016-09-27,5927.759376297619,308.1193366607143,368.11466651785713,1003.9284498392857,868.1631699345238
2016-10-04,6306.023240279763,329.2429487440476,371.31581847023807,1057.483483327381,921.041404797619
2016-10-11,6520.466267261905,370.6613583690476,389.92617025595234,1060.895450297619,931.1911220952381
2016-10-18,6567.499535416668,358.19968249404764,397.9525257023809,1089.9509652321428,909.5945581845239
2016-10-25,6547.219404153847,361.4243058579882,401.9052990118343,1109.2790225029587,938.411063260355
2016-11-01,6733.524354916666,348.50969045833335,409.9717479880953,1132.7944307738096,987.0510095654763
2016-11-08,7339.940026303571,378.02670163690476,427.3705833630952,1196.7450026190477,936.6114224404761
2016-11-15,7065.009504988096,390.12306033333334,418.0013896964286,1169.6990075714286,930.7357028452382
2016-11-22,6968.59603960119,387.6549410297619,422.5397406488095,1166.7333896011903,925.9096290892858
2016-11-29,7574.152901339285,395.7978980357143,436.5904242142857,1242.6602173571428,999.2331706428572
2016-12-06,7606.133935303571,390.5393124345238,440.6903478095238,1252.837749702381,954.263139047619
2016-12-13,7746.082329047619,419.85016959523807,439.27713675,1272.3521141011904,959.7203940654761
2016-12-20,6955.394998511905,369.61815601785713,399.042456625,1157.0956794880954,939.9657641904762
2016-12-27,6687.816414898809,366.8268719404762,380.7543283035714,1104.0785091369048,910.4534160892856
2017-01-03,7747.350643982143,383.54966407738095,438.8369371369048,1261.8980415654762,962.8572457321428
2017-01-10,7957.178285011905,442.7372397916667,448.21856916666667,1273.152170482143,1099.0999959404762
2017-01-17,8416.647114404761,453.409833577381,467.0146452619048,1342.779610684524,1067.8487769464286
2017-01-24,8200.335326690476,432.33778554761903,466.83949708928566,1321.0764491071427,1129.8800819583334
2017-01-31,7499.96966425,442.91751357738093,433.28254514285715,1217.2897631607143,1121.740840392857
2017-02-07,7644.85781747619,419.74965173214287,435.4589200416666,1228.6393675238094,1018.8906631607143
2017-02-14,7322.125491541667,410.741156297619,425.05726258333334,1165.4881407500002,949.2717600238095
2017-02-21,7029.060455178572,387.68970495238096,417.8628470416667,1123.085452952381,942.9031326964284
2017-02-28,7129.292640821429,398.9956792857143,410.28489993452376,1147.1176464404762,973.2613250714286
2017-03-07,6967.964415553572,370.0838733154762,401.82816890476187,1128.8153146011905,1001.6926493869048
2017-03-14,6537.539757101191,351.15753242857147,405.1951510238095,1072.6675579583334,900.6682373392856
2017-03-21,6517.5557624670655,353.0075571017964,400.4087757065868,1075.484739011976,903.3557000898203
2017-03-28,6172.732824863096,310.56129439880954,391.3230144166667,1020.6649536904761,850.4486413392858
2017-04-04,6146.027066416667,304.9295986309524,376.8421583095238,1021.875134452381,847.8141007559524
2017-04-11,5588.953727625,299.8331915178572,348.87304019047616,937.0777930238096,852.9697355238095
2017-04-18,6334.477003214286,318.2693633154762,391.37539378571427,1038.6732040119048,857.4285157857144
2017-04-25,6515.803726672619,345.9874897142857,388.17133330357143,1052.6646136964287,947.1142107440477
2017-05-02,6346.256755005952,336.95902820833334,392.2331325238095,1046.6143775119049,993.7813997976191
2017-05-09,6034.184543160714,311.893654922619,379.66929325,1001.7781869880952,920.7584459583334
2017-05-16,5954.557385464285,309.6111398630953,383.5695534285714,981.0141885119049,908.2079421488095
2017-05-23,5449.455089482142,302.81065973809524,358.43799361904763,904.787649327381,899.0285760833334
2017-05-30,5619.101626422619,344.011340125,374.5262039404762,936.7100990297619,887.945746970238
2017-06-06,5756.030442154762,316.6077580714286,377.5217026964286,958.2745866666667,901.7233432559524
2017-06-13,5733.508216601191,329.23936105357143,384.2948379345238,966.0580337142858,888.7512728035714
2017-06-20,5956.137344660714,334.0187096428571,390.5309057619047,1001.0805297440476,885.4909211547618
2017-06-27,5747.78332202381,313.20756594642853,375.7526791130952,959.5046278809523,852.5701058154763
2017-07-04,5810.684198863096,310.75963119047617,378.2170922738095,978.0910921607143,827.2538318154762
2017-07-11,5598.432817892857,319.4463835952381,362.8371045416667,942.780325845238,852.7196368988095
2017-07-18,5505.531651755952,313.6685588095238,368.3969420595238,926.8802330357142,833.7139391666666
2017-07-25,5201.697157315476,302.32970230952384,348.82112767261907,883.6362781785714,861.9806734880952
2017-08-01,5257.685238904762,289.0104635119048,358.0949438154762,883.4280569166667,813.6623387321429
2017-08-08,5518.67887235119,272.79486148809525,367.44170925000003,923.626754345238,750.1892928095237
2017-08-15,5664.120184196428,287.4553594464286,382.84519903571424,952.1334871964285,738.0800073035714
2017-08-22,5880.264453779762,301.9470099583333,387.31002882142855,976.3889533630952,786.5954306607143
2017-08-29,5944.605404196428,318.8664591964286,380.7035894404762,986.5150624345238,881.5827402321428
2017-09-05,5945.98894410119,313.92047267857146,370.9429938988095,977.5092000357142,896.8837273630952
2017-09-12,6161.902273946429,319.07468016071425,384.9665401547619,1013.8693798988095,802.8403978273809
2017-09-19,6179.659013797619,318.46876490476194,381.3821221607143,1010.7569116369048,870.4973696130952
2017-09-26,6123.312570196429,319.5716094702381,382.3167336011905,1011.4375328928571,913.3236116130952
2017-10-03,6151.445256178571,329.9968501547619,381.4535891666667,1027.067482857143,921.1045966904762
2017-10-10,6052.504351029762,326.7982403214286,377.1437063809524,988.9385574940477,888.8395664166667
2017-10-17,6238.260789791667,330.45176610119046,387.7941061011905,1021.9040862261905,872.5850908095239
2017-10-24,6464.6352774142015,332.75721976923074,396.8792095443787,1070.6387478816569,887.5345741597633
2017-10-31,6652.3353749642865,342.2439473333333,401.36049625000004,1105.6647045416667,931.4136957976191
2017-11-07,7109.404688708333,368.9026222738095,416.02012717857144,1161.209073934524,950.68113575
2017-11-14,7411.9668993511905,378.1830990059524,428.5096561130952,1204.126054297619,935.8076721488095
2017-11-21,7209.131969833334,390.1870696666667,414.1977025535714,1175.2630946428571,991.9260571190475
2017-11-28,7771.320782791667,414.524970922619,440.6169702023809,1246.7373524166667,938.9330147916668
2017-12-05,7808.813734696429,418.39915141071424,448.65102976785715,1266.7961136666668,983.5646569880952
2017-12-12,7843.524860488095,438.8461256071428,446.82535866666666,1266.0323516666667,1032.8475551190477
2017-12-19,7210.2401554642865,434.8334666309524,408.28555102976196,1170.5047661845238,1002.9864159404761
2017-12-26,6533.553722672619,403.72909756547625,360.28176996428573,1052.383289452381,1088.3175748035715
2018-01-02,6722.193878035714,396.6034874404762,401.17760790476194,1105.202049422619,938.3109922321429
2018-01-09,7396.233752565477,409.5444612202381,432.99929614285713,1199.441110279762,978.0153403035715
2018-01-16,7537.914902535715,413.81655832738096,435.0978300476191,1217.0708994404763,978.5289965892857
2018-01-23,7213.959188071429,400.0829415833333,423.69743666071435,1168.455191779762,906.9028059642858
2018-01-30,7375.872008529762,417.35084669642856,432.8883990178571,1192.5409005238096,972.3423545833333
2018-02-06,7614.264072928572,423.96105567261907,441.7955279583333,1234.4541231607143,942.6056955178572
2018-02-13,7581.267819607143,415.4218547738095,429.7890789345238,1216.703956767857,917.3388666130952
2018-02-20,7919.252260761905,437.5902110952381,437.78490100000005,1284.6544310000002,958.7924359285714
2018-02-27,7993.753496369048,455.18085409523815,443.79982957142863,1292.0267694345239,1001.0305910654762
2018-03-06,7211.136339821429,405.92285711309523,416.9649941428571,1156.8285746785714,977.240711654762
2018-03-13,7204.622203357144,398.22898644047615,425.7593365952381,1173.8426127142857,1066.610120220238
2018-03-20,7338.615999526946,392.9560288982036,425.25182838323354,1182.5907990898204,972.4552370299401
2018-03-27,6520.338914339285,366.4599877976191,371.39354098809525,1054.9217777619047,956.6710397083334
2018-04-03,6397.336687625,358.5545611607143,385.63137127976194,1051.4216368333332,896.7741947857143
2018-04-10,6203.016664416667,363.78407961309523,379.71694128571426,1023.4857140535714,862.6590462619048
2018-04-17,5843.788376261905,319.59471054761906,364.9117831666667,977.8178691666667,869.4276384464285
2018-04-24,5773.833058678571,314.3890012678571,362.0600705,949.8104600238095,896.866648297619
2018-05-01,5877.225142130953,319.260756422619,366.77868408333336,953.0437396428572,857.847968547619
2018-05-08,5589.624392630953,315.3438993095238,353.74089795833333,934.5566799642858,843.7612328333333
2018-05-15,5781.209953345237,323.75459957738093,368.8554133869048,973.3094822559523,895.8623390416667
2018-05-22,5808.033439410715,309.79751348214285,378.0469936190476,974.2344802083334,840.8650810178572
2018-05-29,5769.957523696428,316.0841402142857,382.76005854761905,979.7092335714286,808.1939993869048
2018-06-05,5848.852204333333,289.7020648869048,388.3491356130952,984.84798575,834.9803750714286
2018-06-12,5815.395876005952,309.9740925178571,375.0390169404762,970.63242625,890.5888625416667
2018-06-19,5802.592072642858,304.33529201785717,369.77232235714285,966.6048093392858,936.8555326785714
2018-06-26,5778.788739482143,287.8715390595238,376.3441629345238,967.0221548452381,856.1964215773809
2018-07-03,5766.205900077381,296.71699952380953,368.1851847619048,975.0993382440475,807.3648350416667
2018-07-10,5665.715187982142,298.53439479166667,352.05508234523813,955.7210904404762,774.4126185892858
2018-07-17,5540.505212869048,300.3050313452381,351.7891071845238,936.2387258869047,783.5895318095238
2018-07-24,5362.176954422619,302.21573236309524,353.79129067857144,921.6723745357142,809.8527932857144
2018-07-31,5296.503383392856,285.9385150892857,356.05310688690474,914.7196624285714,771.4410571011905
2018-08-07,5569.115938613095,286.51122108333334,374.0750236011905,941.7985661607142,855.8111385357142
2018-08-14,5623.118301375,269.89968138095236,376.9385106904762,956.9195331785714,848.9214597916666
2018-08-21,5823.038965988096,291.65265204761903,378.18391722023813,978.2904865178571,847.5869797083334
2018-08-28,5923.404924988095,296.194395125,373.6869205714286,980.6588139404762,871.2272277142857
2018-09-04,5838.663901190476,297.28281422619045,358.20461001785714,958.3051089285714,808.1993693333333
2018-09-11,5889.875897464286,309.8931883809524,368.66977287500004,972.7201405595238,847.5880521607144
2018-09-18,5941.37343925,312.86157619047617,374.7685816011905,981.0092980714286,850.6304413690476
2018-09-25,6006.248144285714,303.86792948214287,372.13727647619044,1001.0627893392857,830.3240361964286
2018-10-02,6038.999634119048,302.1456848928571,368.23913270833333,1008.0501759523809,845.9691278273809
2018-10-09,5978.034792279762,308.67679813095236,371.51084064285715,978.0058652142857,849.8569687202381
2018-10-16,6125.546910380952,301.5545239404762,384.25196222619047,1012.7390113333333,834.2227249642858
2018-10-23,6539.658235047337,323.00998106508877,397.8643365857988,1092.3732077988166,873.5032257396449
2018-10-30,6608.580002910714,354.73959082738094,400.49487652976194,1123.0709965238095,973.8386661369047
2018-11-06,6577.199934065477,362.3987874107143,400.3218633452381,1095.641625767857,915.5557825714286
2018-11-13,7035.207831654761,368.8677114642857,418.17383897023814,1163.1963504226192,1004.2878377857143
2018-11-20,7394.342177821429,384.9985058511905,422.03706482738096,1217.4740521369047,966.5495002321428
2018-11-27,7327.505951773809,387.57715276785717,429.49543409523807,1194.8876071130953,965.2830631785714
2018-12-04,7187.727058273809,385.74037248214285,426.3203733333333,1175.119522220238,957.0600810238095
2018-12-11,7815.313479505952,413.2749105714286,448.16860970238093,1254.6655174226191,945.2537275595238
2018-12-18,7036.051648779762,413.0667007380952,411.5094587142857,1162.7354877559524,1048.6494761785714
2018-12-25,6409.067214196429,349.57554029761906,362.53943875,1051.398883113095,916.9851076547619
2019-01-01,6954.403094988094,364.8392911964286,403.8505293333333,1117.9802732619048,957.3574530297619
2019-01-08,7718.073585232143,387.9493635892857,437.18271664880956,1246.9693161666667,1030.0544911011905
2019-01-15,7734.5418309821425,400.0041590297619,438.2349563809524,1244.933092904762,991.612391547619
2019-01-22,7823.514737172619,418.75540744642853,445.3509265535714,1267.3226129345237,1009.4880075535714
2019-01-29,7743.003054440476,415.5817595059524,436.8898302380952,1246.4428600595238,969.1435827440476
2019-02-05,7666.788837255953,402.6144424583333,433.762552375,1227.6664231071427,981.6405031607143
2019-02-12,7288.068475220239,376.14639575595237,423.9871549642857,1160.4037988511905,951.1340046607144
2019-02-19,7007.6892832916665,369.005244672619,413.25945738095237,1119.2585078928573,917.9635059761905
2019-02-26,6861.70401385119,338.70164891071425,405.8932621011905,1108.7556158095238,910.8557045595238
2019-03-05,6967.532723470237,348.1134366488095,395.49295616666666,1125.241913232143,1013.0242350833333
2019-03-12,7007.486669494047,336.21871161309525,402.23175570833337,1140.8464487976191,1016.7700081666668
2019-03-19,6697.174608744048,319.8227286488095,401.456108375,1093.7710300416668,865.2292509285713
2019-03-26,6538.333539287424,312.63195679041917,390.9530774191617,1066.1227143413173,849.4611167784432
2019-04-02,6628.698664375001,327.47844379761904,394.9375349761905,1074.5337637023808,855.6517797261904
2019-04-09,6581.600519380952,321.79888777380955,402.47635976190475,1095.1714622321429,865.6904593809525
2019-04-16,5585.227595339286,320.9385348452381,345.57759875,921.7011898988096,896.763422125
2019-04-23,6079.751185125,331.07496091666667,377.97697920238096,997.6530174940476,884.3403029107143
2019-04-30,6249.7669507142855,318.01906164285714,379.3849681845238,1018.995175672619,891.5761007619049
2019-05-07,6276.959462136905,323.99549333333334,385.78982223214285,1052.5504054285714,877.7485619523809
2019-05-14,6189.660986714285,312.7931113154762,383.2753022202381,1030.6513673392856,869.5935920595238
2019-05-21,5964.977972369048,321.714784375,375.17230626785715,995.8295084404762,870.1224245357142
2019-05-28,5523.8255705,302.2467298571429,351.4298750654762,929.9767735,858.423774779762
2019-06-04,5565.705252416667,326.5039806428572,363.18209673809525,937.5334270892857,821.9340775833334
2019-06-11,5695.033038303572,340.87148475000004,365.03068873214283,960.9259075952382,827.9235533571429
2019-06-18,5699.9019187559525,321.4539170178571,372.26194610119046,967.0780305297618,881.2827181428571
2019-06-25,5989.369169827381,337.5484108154762,393.61937592261904,1015.4070438571429,907.8201233809525
2019-07-02,5783.997237994047,304.2110841666667,371.78667695238096,978.3596256130952,842.1564063214286
2019-07-09,5538.396196178572,293.8844888452381,348.3770564464286,937.2374528511906,855.2860517142858
2019-07-16,5443.1067942678565,302.00446963690473,346.1529785238095,925.682512702381,841.3098821964285
2019-07-23,5436.820274636904,317.46864230952383,359.4868505416666,937.6437856904761,855.4886876309524
2019-07-30,4991.392791547619,268.57215754761904,330.75785183333335,849.5088370416667,705.5662665952381
2019-08-06,5499.513731904762,292.00910798809525,364.124824797619,930.9088931011905,803.0480114880953
2019-08-13,5498.517393154762,250.35860672619046,363.9172035595238,940.2963990535715,812.5671107202381
2019-08-20,5719.614901583333,290.63296733928576,365.79246569642856,962.4939171845238,746.5860759166667
2019-08-27,5874.312222767857,313.6123543630952,374.7577061190476,979.8134743095238,765.9098603809523
2019-09-03,5868.804617357143,303.63244332738094,350.79319608928574,976.4265487380953,751.6664971547619
2019-09-10,5800.870993821429,315.29827076190475,350.2818206607143,967.9870898690476,865.3869177321428
2019-09-17,5799.0681467738095,314.094098125,350.0097590238095,976.2167280416668,854.7815009761905
2019-09-24,5853.264407136905,301.97527986309524,352.92307898214284,996.1365242619048,837.6908331964286
2019-10-01,6075.763740886905,309.5302870595238,360.4289531130952,1022.1642218809525,881.449397875
2019-10-08,6099.561695875,332.1538952440476,373.31073227380955,1000.9761923511905,876.324082625
2019-10-15,6163.069987994048,332.95742873214283,385.97672958333334,1021.6047871309523,894.0764937619048
2019-10-22,6150.326149195266,298.0270029881657,376.2298614142012,1043.865818443787,875.4968807514792
2019-10-29,6388.02460614881,319.79512594047617,394.37776435714284,1097.9028180297619,940.5065271547619
2019-11-05,6915.124960833333,361.5108736130952,403.208793327381,1136.5624235238095,944.9700001964286
2019-11-12,7202.1353409583335,382.7104195595238,414.42720179761903,1169.8410373869049,923.3403686369047
2019-11-19,7133.856286779763,381.80448876785715,414.21049757142856,1172.6222628630953,934.3107900416667
2019-11-26,7165.947878095239,394.2241978452381,415.50673174404756,1171.9963066369048,999.7302249285715
2019-12-03,7435.401961142857,399.6760069047619,426.44617485119045,1211.750854797619,948.2685939464285
2019-12-10,7410.363360833334,408.2173758452381,423.46609817261907,1209.79932125,958.2484970416666
2019-12-17,6783.321682738096,394.89885313690473,401.47462701785713,1146.7481123333334,910.9320567857143
2019-12-24,6184.074847904762,365.2727554107143,349.6795809940476,1028.1069295714285,777.5645866071429
2019-12-31,6527.731868696428,370.00612263095235,371.8607336190476,1085.461561172619,811.0919391190477
2020-01-07,7215.2524415952375,396.04858201785714,410.2555602559524,1180.9012117142859,901.1201687321428
2020-01-14,7359.395629970238,400.2262077559524,420.0629167916667,1188.2499997857142,922.483499702381
2020-01-21,7601.7106442738095,406.19920982142855,429.9936687857143,1242.2110350178573,934.0172642261905
2020-01-28,7105.817575630952,394.42604852976194,405.8186874107143,1158.7672318928571,950.7244458690477
2020-02-04,7225.212855470238,394.84157311309525,409.28244510714285,1168.5447609821429,975.7655340476191
2020-02-11,7060.957763154763,380.4577027440476,404.75901886309526,1140.6987821785715,947.3011535654762
2020-02-18,6850.319794892857,368.3028926607143,394.1202558333333,1104.3786822619047,936.3290125297618
2020-02-25,7069.142582946428,386.45848392261905,393.76035402976186,1143.7465176964286,978.7784540357143
2020-03-03,7124.371736047619,371.21016807142854,395.84709836309526,1155.0583198809525,942.4033715952381
2020-03-10,6713.267207410715,361.00176262499997,388.5217740833333,1104.826575452381,921.1744576666666
2020-03-17,6133.573832113096,309.312076125,374.67925495833333,1030.590353154762,825.2239600952382
2020-03-24,6379.275373922156,296.9330495688623,375.7086369520958,1072.221651754491,810.7745887425149
2020-03-31,6006.283792559524,293.2454693452381,364.2784336130952,1009.6815099047619,770.3853709404763
2020-04-07,5090.530840654762,271.2240663333333,320.9836514761905,874.5898921071428,722.5951484107143
2020-04-14,5415.826162202381,280.9267151845238,335.4124258154762,913.965120095238,770.9211466964285
2020-04-21,5378.935867613096,283.8013368869048,328.29979975,903.5556912559524,824.7392774940477
2020-04-28,5546.12917075,299.595576172619,333.05073085714287,935.0027904464285,876.947436077381
2020-05-05,5486.883035089286,304.5335582797619,354.07221514285715,937.0183273214286,815.2854374345238
2020-05-12,5769.7278401428575,308.22901337499997,366.9130527202381,982.0911030773809,856.2093243095237
2020-05-19,5229.765452,301.4847176845238,337.5751807202381,883.6280717142856,809.6294962083333
2020-05-26,5338.694781833333,293.89107558333336,331.6572974226191,888.4554193214286,823.4365216250001
2020-06-02,5660.667839119047,304.54820767261907,339.2340279940476,944.628635,818.5092419761905
2020-06-09,5601.2428808154755,303.7449190952381,340.78759691666664,955.4643597559525,811.5649074345238
2020-06-16,5553.503933184524,289.9582734940476,337.5885726130952,940.3300275714286,811.7299123690476
2020-06-23,5552.6894805833335,301.78584566666666,349.20173472023805,935.6551497440477,844.3521433333333
2020-06-30,5601.413574815476,319.86701711309524,343.5733050238095,935.3527798392857,809.4534624642857
2020-07-07,5557.48072714881,302.9092766369048,337.9785418571429,925.7941360654762,807.7849848333333
2020-07-14,5413.44330572619,300.3313509940476,338.25905888095235,909.5037016190475,768.4941251190476
2020-07-21,5265.7612814047625,311.45429029166667,339.45759020238097,903.2627941666667,783.6132334047619
2020-07-28,5300.93051670238,313.65184242261904,341.632379952381,908.6511863809524,783.1969707321429
2020-08-04,5343.358499434524,285.28683366666667,357.06633066666666,904.0530994523809,800.2387782083334
2020-08-11,5636.096516660714,288.944261547619,377.5360655238095,959.419958827381,804.4873389464285
2020-08-18,5638.929408642857,302.750411077381,371.84681559523807,955.5461834821429,843.575450107143
2020-08-25,5764.18002402381,313.2945187321428,363.03856604761904,959.4018423452382,857.6064809940477
2020-09-01,5720.6412603571425,306.4080367619047,358.8947774226191,951.2069256309524,806.2845413333333
2020-09-08,5708.7342071607145,305.7815406428571,356.27084470833336,947.39190925,802.357404702381
2020-09-15,5787.935080601191,323.9665566607143,365.51370840476187,962.5515962916668,833.9116301785715
2020-09-22,6008.872854744048,326.7808167678571,364.3555337321429,1007.0473328214287,872.058213595238
2020-09-29,6195.592437625,342.0904866607143,370.25466902976194,1022.7060454047619,911.3500031964286
2020-10-06,6254.261714916666,352.2799568511905,369.5685320595238,1021.2830595952381,886.7494690178571
2020-10-13,6545.130929232143,346.05779921428575,373.4216310714286,1068.240136952381,893.4437377976191
2020-10-20,6473.998636763315,356.7625707573964,387.8825586508876,1074.8848067337278,942.4070359763313
2020-10-27,6463.520510119048,351.7454082797619,391.7280135357143,1081.8472979583332,918.7887790476191
2020-11-03,6560.743936553571,340.6359484345238,389.36587839285716,1104.3622188988095,870.0002127678572
2020-11-10,6596.364134386905,360.8541758154762,379.86061608333335,1103.5267746130953,869.8280195416667
2020-11-17,7004.841147910714,373.3803338571429,395.35534713095234,1153.5535462142857,901.89614725
2020-11-24,7450.779371910715,406.3684926369048,413.22364026190473,1222.3054896071428,911.2458928333333
2020-12-01,7716.825918523809,427.7372505,436.35703248214287,1253.038743625,966.1077497857143
2020-12-08,7694.334921976191,420.86621103571423,436.1639089404762,1250.1597660714285,976.5899274464285
2020-12-15,7206.433529702381,394.69625322023813,410.97985194642854,1188.3740502202381,940.3138053869048
2020-12-22,6465.465028392858,394.6553642261905,363.93174411309525,1068.2890674940475,981.2667521369049
2020-12-29,6736.8149340625,402.0671440059524,378.7060496309524,1105.6529862083332,1007.8365554047618
2021-01-05,7715.400694814733,410.93926667261906,433.39550667261904,1239.9040443333333,929.9396782738096
2021-01-12,7861.7982364873515,413.42941609523814,436.42486974999997,1265.6673680178571,984.8395920119048
2021-01-19,7603.532136981399,425.6111912619047,422.2049712380952,1213.9282814880953,1007.2172606071429
2021-01-26,7525.595678880208,414.6938682738096,417.1421641607143,1204.4790261547619,971.9111030654763
2021-02-02,7146.998944243304,382.4433986964286,404.26599885119043,1151.5805364345238,924.7966091607143
2021-02-09,7969.89830990997,406.55970663690476,443.56887942857145,1283.0254061369046,942.9768383154762
2021-02-16,7011.765072987351,379.86342923809525,388.7104417738095,1117.3196209940477,873.7455971785714
2021-02-23,6730.667729046875,336.9246729166667,381.01241175595237,1083.2175961845237,837.3960959821428
2021-03-02,6920.735276564733,350.47499501190475,397.68481136309526,1125.1937009940475,842.3028687380952
2021-03-09,6928.922800904018,345.8832410297619,392.1056127440476,1123.378300029762,899.6030651011904
2021-03-16,7220.607659447916,351.56827180357146,407.72400977380954,1177.4658936488097,929.4593589642857
2021-03-23,6574.907277502245,323.26305791616767,383.93884505389224,1067.500310491018,858.3274164011975
2021-03-30,5793.545822755208,308.49155703571427,342.2398870595238,948.1678708928571,831.1708543690477
2021-04-06,6595.516713689733,335.4066289940476,379.5059064642857,1083.6563863690476,800.7305106666668
2021-04-13,6673.316757681549,342.83432185714287,375.5620273809524,1094.899506047619,881.8697651190477
2021-04-20,6119.772166407738,315.9291755654762,358.9159082738095,1001.3995143511905,867.7528158154762
2021-04-27,6236.366849866072,321.7125094107143,368.9861989821428,1013.9419285833333,833.3717932321429
2021-05-04,6178.014131711309,315.2497087559524,370.78804307738096,1010.2894178690476,927.7679366666667
2021-05-11,5896.980049195685,317.2532018452381,353.3558383452381,978.2360812916666,804.5440399166667
2021-05-18,5933.458663841518,314.51551000595236,355.58819892857144,995.2791278452381,863.8744832559523
2021-05-25,5848.706299891369,305.00617326190473,358.7014740535714,981.6304252738096,806.3526846428571
2021-06-01,5726.5441789084825,291.2260062142857,361.4661074047619,969.8763278869048,776.5051569166667
2021-06-08,5704.457004860863,332.7056815297619,357.3551235178572,954.8202539761904,779.3129882142857
2021-06-15,5819.381993843006,345.9704806547619,371.2278971607143,978.5450246666667,799.0918520833333
2021-06-22,5714.883176057292,343.3551143154762,364.30505158333335,952.186900952381,773.5812666726191
2021-06-29,5711.559157265625,305.88903388690477,355.0326691547619,953.5842801666668,782.4279540297618
2021-07-06,5722.676908658482,335.11570289880956,343.4293553690476,960.0323745535713,795.4138517083333
2021-07-13,5640.2265705989585,305.3289609404762,342.12908983333335,964.5822362142857,793.295107125
2021-07-20,5440.176015366816,309.56323357738097,333.8856814047619,918.9011029166667,760.1750251190476
2021-07-27,5227.173289426339,289.8956919702381,327.3303268571429,892.4986115119048,834.3090427142857
2021-08-03,5277.079103021578,270.35620192261905,340.78542244047617,895.3031275119048,762.6505503095237
2021-08-10,5576.972176718006,280.5873476845238,363.2994724404762,934.7383926488096,773.8238851964286
2021-08-17,5626.138904039435,280.6589972797619,361.8668948690476,941.7658252321429,784.7264009285715
2021-08-24,5766.570341694196,288.5164077261905,353.0523990654762,967.9308120000001,738.7040821726191
2021-08-31,5795.504107783482,299.75499437499997,365.8220303630952,962.512394625,812.949199720238
2021-09-07,5804.183429712053,296.0683193214286,369.66119000595234,964.5971966071428,788.0675230595239
2021-09-14,5943.142667418899,311.6997352916666,373.79537179761905,990.083061625,850.7593697619047
2021-09-21,5942.694790098214,306.59196404166664,366.54818852976194,994.3282719345239,849.1613818988096
2021-09-28,5981.598343133928,323.4448800595238,362.61336060714285,1005.5887799940477,874.3719542499999
2021-10-05,6249.786738223214,345.74163568452377,370.1096130119048,1051.5730909642857,869.5284237083333
2021-10-12,6443.858205931548,335.704900327381,379.89741742261907,1055.8869340892857,868.6090146845238
2021-10-19,6490.5241108958335,332.6434526607143,389.02900666666665,1070.9969771071428,833.718016297619
2021-10-26,6568.591381360946,339.8261646390533,378.9046267692308,1109.7060726094674,875.5776647692306
2021-11-02,7087.668710350447,365.8495281190476,399.2199647738095,1156.9191507738094,923.8620639166667
2021-11-09,7089.320735683779,362.69328157738096,417.2723875119048,1179.5967650119048,916.6516832321429
2021-11-16,7219.725588671876,372.6385553095238,420.58032307142855,1206.3591858690477,937.2012279285714
2021-11-23,7706.0541040052085,394.7730575595238,440.5989695833333,1255.6172147261905,975.1598094226191
2021-11-30,7882.1405904040175,426.65329833928575,442.56789830952386,1267.5774796845237,1036.9587151726191
2021-12-07,7959.024051493304,421.92567210119046,437.706851327381,1282.0700455297617,1047.8888483035714
2021-12-14,7844.16038468378,420.21664315476187,432.45753064285714,1263.3363217202382,998.5972111190475
2021-12-21,7120.904815100446,417.1876108988095,389.9216583511905,1153.8573693630951,1074.4927318392856
2021-12-28,6315.180179082589,382.04451458333335,358.45170114285713,1053.4951373035715,893.5333249464285
2022-01-04,7418.26069490997,388.31384620238094,418.8397250535714,1215.705138779762,941.6105032976191
2022-01-11,7944.592942648065,412.1183815892858,438.6281548452381,1266.3026390654761,983.8416790059524
2022-01-18,7873.916708356399,403.25519694642855,433.80182866666667,1257.6738351309523,956.8441332083332
2022-01-25,7744.204635648065,402.33420426190474,432.4778834226191,1242.1636098333333,987.5286008571429
2022-02-01,7573.818429231398,379.27890597619046,420.2976909761905,1216.6570974761905,973.6559985059523
2022-02-08,7491.189898320685,390.865971827381,415.3390324345238,1189.0032810119048,1002.5368677202381
2022-02-15,7293.171262231399,386.3005221904762,409.91577826190473,1154.4442174404762,915.1305615
2022-02-22,7266.9791906183045,367.2550477916667,401.9060746607143,1159.6726880178571,926.4977370535714
2022-03-01,7282.17655401116,374.4189941607143,396.8607811369048,1175.662770934524,903.0417822440477
2022-03-08,7079.671634588542,390.2501765535714,389.25464544047617,1138.6758983333334,903.3287439880953
2022-03-15,6814.937013714286,344.9626516904762,389.64038936309527,1108.3806015416667,886.3592049285713
2022-03-22,6502.039363633982,326.01098236526946,376.44959862874254,1057.4603439341317,870.5718449580838
2022-03-29,7026.652350657739,343.7814688333333,404.03209652380946,1140.5164013333333,870.4961778273808
2022-04-05,6738.142433502976,336.95723417261905,392.9282117440476,1101.6955808214286,853.7320884702382
2022-04-12,5559.813573939732,312.89321229166666,334.4443973154762,936.0956858392858,866.5368396309523
2022-04-19,6068.839315201637,321.28249864880956,363.24343498214284,999.3300855119047,824.0481826428572
2022-04-26,6093.718359020833,308.14348717857143,360.61936625,1006.7105450535715,787.3603942916667
2022-05-03,6108.724499622023,313.03587364285715,353.38257164285716,1016.5086508214285,768.5858821369047
2022-05-10,5753.607101603423,294.62891283928576,352.1943651190476,964.0816464761904,799.266465125
2022-05-17,5784.329551259672,311.67798063690475,365.31181604166665,970.3377526904762,790.8153325654762
2022-05-24,5415.795120247024,303.8936805,332.60149450595236,905.3634345357142,796.2848057083334
2022-05-31,5599.377095371279,302.9735546190476,351.7665595357143,932.945086952381,795.3476077142857
2022-06-07,5694.772472808036,292.75126551190476,353.3574189285714,951.5761282261906,786.2633930178572
2022-06-14,5757.2834815751485,300.41668554166665,369.06008385714284,975.7974111369049,814.530660327381
2022-06-21,5793.541583723958,304.23707788095237,366.9158232797619,977.0064896785714,817.6040935952382
2022-06-28,5717.770504664434,313.3629441071428,358.4983874821429,964.1896604702381,825.8596903333333
2022-07-05,5568.085622593006,304.0023347380952,338.79188441071426,940.368994672619,795.787460595238
2022-07-12,5569.505304926339,318.90553119642857,349.98753779761904,950.8213538988095,788.9644150297619
2022-07-19,5538.402755188245,328.53688464285716,356.82747900000004,945.4398163809523,779.5390425892857
2022-07-26,5077.807164918899,304.99978057738093,334.46552866071426,868.1279672023809,746.6899153095238
2022-08-02,5277.596639308035,297.5551830357143,355.0519816964285,906.1595359583332,823.3569638630953
2022-08-09,5356.656946075149,268.79592713690477,359.08579482738094,906.3825393154763,806.7338389940477
2022-08-16,5638.735885390625,291.49375116666664,367.3129606190476,947.9076112916667,770.3503804583333
2022-08-23,5624.763888539434,309.14517291666664,368.3919844880952,950.3052767857142,815.1616237142857
2022-08-30,5682.656220158482,309.45175882738096,360.18824532738097,948.500919327381,825.3839673452381
2022-09-06,5704.4963767120535,302.02080538095237,360.4914906309524,948.3696981666667,774.258148125
2022-09-13,5822.353802944197,304.2806400952381,350.5920355,969.1697442499999,852.9769333095237
2022-09-20,5875.81206986012,287.6726265773809,339.2642514345238,986.2072547023809,785.0948680892857
2022-09-27,6150.524739764881,316.49205788095236,356.17179641071425,1034.901031327381,864.2104409821428
2022-10-04,5788.388660383928,314.5474713690476,351.36838347619044,987.1932543333334,806.3457592857144
2022-10-11,5808.53814878869,283.58864089285714,364.9189107202381,959.3587783749999,806.5156236666668
2022-10-18,5834.3453324553575,316.73619457738096,371.33784636309525,981.1901981488095,866.5712006369048
2022-10-25,5878.272200379438,297.6948270473373,367.99373924260357,998.3378057100592,779.3845967218934
2022-11-01,6216.530263168154,316.4158105535714,379.64442297619047,1054.847018922619,868.2151995714286
2022-11-08,6482.042785344494,328.7519745357143,383.51456809523813,1080.2932460535715,824.7275496904762
2022-11-15,6638.353265898065,343.7734790833333,376.12593844642856,1088.8507306309523,902.4911967857142
2022-11-22,6998.820061927828,358.7837970178572,384.49600204166666,1125.1186499642859,931.7678931666667
2022-11-29,7236.460894983817,387.26855711309526,400.5382641369048,1176.8863930952382,931.777619452381
2022-12-06,7660.412069851434,388.7749170297619,433.06877417261904,1234.6586437797619,990.2419250416666
2022-12-13,7796.734145467273,408.5421367797619,445.05378109523815,1274.3405750535715,938.8781899464286
2022-12-20,6468.076848282762,370.29136205357145,376.8114239761905,1076.5479040357143,966.7364304642857
2022-12-27,5868.24815844781,340.8084812619048,345.79683707142857,981.5904121130952,869.855924202381
2023-01-03,6481.392115529018,337.1591240833333,383.77020367261906,1082.045238934524,809.6525949047619
2023-01-10,7049.094244564732,369.2964608154762,403.4077415892857,1151.7095114642857,947.0291690476191
2023-01-17,7840.765905743304,385.8872219285714,433.6993097559524,1257.1059856190475,962.9543588630953
2023-01-24,7747.190730927828,380.7457374345238,434.8146835,1257.3409219107143,948.9267577500001
2023-01-31,7284.138916945685,347.50422647619047,413.7981480535714,1191.4574093630952,931.0617603869048
2023-02-07,7373.449711273065,375.71298992857146,411.8984422321429,1205.448693547619,896.0216905238095
2023-02-14,6734.416307112352,343.4481103333333,386.15338782142857,1109.138873517857,870.5959168630952
2023-02-21,6709.536033451637,331.44132666666667,378.8414254107143,1106.5619521428573,840.9612931785714
2023-02-28,7082.060075767114,339.98220776190476,397.16885533333334,1180.2234052083334,866.0113200357142
2023-03-07,6690.572820588542,312.8944340178571,386.1087093154762,1111.8687884404762,855.1457960952381
2023-03-14,6402.526825255209,307.2116486964286,378.3422122857143,1068.6315928511906,830.1313023630953
2023-03-21,6274.769278446108,293.36672416167664,371.36929428143713,1057.9455425508984,844.786436976048
2023-03-28,6347.4985489375,315.52739564285713,368.32095079761905,1064.9302162142858,886.0176926369048
2023-04-04,5902.875453588542,308.88106560119047,338.47869027380955,992.6631755833334,809.2624475654762
2023-04-11,6184.868972112351,288.17769222619046,364.7340220059524,1051.1922699940476,766.0853903690476
2023-04-18,6092.751862747024,312.6990445297619,353.27062297619045,1035.3159158154763,793.7847890416666
2023-04-25,5775.22612578869,298.8591024047619,344.23524814285713,961.838991077381,819.6452202500001
2023-05-02,5517.238147544643,286.5576882023809,350.3516707261905,945.9109007976191,750.1931851607143
2023-05-09,5692.614498756697,284.47793284523806,355.79267633333336,988.4517198273809,741.2639784583333
2023-05-16,5381.1658631875,297.46317711309524,334.2627141190476,936.2066373095238,758.3691313869048
2023-05-23,5263.63801212128,303.5273310833333,331.8070121488095,906.9146036369048,755.1792503988096
2023-05-30,5399.112399891369,278.3894449940476,335.59715829166663,921.7410625416667,759.7573722619048
2023-06-06,5341.518548343006,274.71536998809523,340.97902512499996,923.124080029762,763.1609992261905
2023-06-13,5370.45691437872,278.3125994880952,344.2768879345238,923.1822398630952,754.453423077381
2023-06-20,5471.433780723958,284.76603053571426,354.5707231904762,944.5460274583334,778.5552236011905
2023-06-27,5446.96063690253,292.55447165476187,346.2376869345238,927.8413968154762,826.9398343511906
2023-07-04,5419.6843649382445,292.1088069642857,341.31479220833336,936.8788358511904,732.8990330833333
2023-07-11,5411.543770069196,321.0600158214286,346.76882510714285,946.1773019642857,786.753240595238
2023-07-18,5158.66426655134,306.3360219702381,334.2409996547619,898.1645377857143,749.6379082083333
2023-07-25,4811.518423491815,279.72637192857144,317.32494488690475,848.0353278214286,718.276880029762
2023-08-01,4755.371308068452,248.29744020833334,316.9548108690476,839.5852453392856,755.3846243571429
2023-08-08,5171.77248212872,240.6001248511905,345.2910118392857,898.0616302023809,722.8545485238095
2023-08-15,5495.824738920387,272.4754407797619,366.3608233214286,963.4450150238094,755.8615291964286
2023-08-22,5785.3307678251485,330.8253051369048,369.3251254285714,994.4855512261905,786.0483361607143
2023-08-29,5457.751428962054,296.63641814285717,346.5638826190476,933.665400875,756.0468872440476
2023-09-05,5542.970801122768,281.25520864285716,353.93620521428574,944.8380894583332,751.9403028333334
2023-09-12,5562.9216165052085,292.23844317261904,345.7498998511905,952.0830791488095,743.9910501190476
2023-09-19,5499.488470645833,326.70537482142856,325.17789745238093,946.4813290654763,838.3178959761905
2023-09-26,5455.671520074405,275.486666125,327.45766833333334,945.5775168511906,798.9417727976191
2023-10-03,5529.423833389881,277.1221978214286,328.3648978035714,947.1147014345238,748.961296047619
2023-10-10,5606.486482395833,267.5630985654762,340.258290547619,942.5543522321428,734.9758179285715
2023-10-17,5989.768493229167,325.2403195535714,368.05804104761904,1016.5499223571429,830.9875803035715
2023-10-24,6161.677318876479,332.4363462721893,374.8218902189349,1048.2176691301777,900.9845012426035
2023-10-31,6426.944892331846,312.8577202261905,386.0722236190476,1102.3321237261905,988.7857075416666
2023-11-07,6789.050976100447,336.47549819642853,395.49911021428574,1126.6907551071429,906.8393531904761
2023-11-14,6688.825985481399,328.7833904940476,381.31671183333333,1132.1858840833333,882.2289367440476
2023-11-21,7102.719521945684,343.08708411904763,407.0321510952381,1187.0323504464286,874.4624475595239
2023-11-28,7750.036122142113,377.9307687857143,442.0396536309524,1278.2207290119047,931.5804833630953
2023-12-05,7443.855476320685,396.07922489880957,416.3414396666667,1234.600224625,951.8096310416668
2023-12-12,7195.326884648066,374.7698619761905,410.6421190952381,1215.4447928571428,905.7109682142857
2023-12-19,6542.88793276116,337.74750988690477,377.50566127380955,1122.6955502559524,977.5155509642857
2023-12-26,5992.439242505952,343.50017725,337.7949528690476,1015.3003907440476,1060.1906860714287
2024-01-02,6678.927155083334,343.3867263452381,384.63100257738097,1121.2904261488095,911.3512992916667
2024-01-09,7892.816054207588,382.1444420297619,440.19181489285717,1308.9999687380953,960.6836058928571
2024-01-16,7718.322568814731,397.0223035773809,429.23919423214284,1277.1047437440477,931.9947535000001
2024-01-23,6945.282281046874,362.9874879940476,393.169586375,1176.7656006369048,873.4907053035715
2024-01-30,6932.224913755209,360.8444581309524,394.4465125892857,1163.6100318095237,917.6797225833334
2024-02-06,6717.970082564732,346.9564111607143,387.0826423809524,1129.975255029762,875.8931016309524
2024-02-13,6495.044069588542,333.4613774642857,368.54334580357147,1079.3186307797619,814.5622588630953
2024-02-20,6641.077233344494,352.97428398809524,370.7536966190476,1103.0184918511904,845.1270908154762
2024-02-27,6588.894186594494,354.4212985059524,382.3661660833333,1107.012377529762,838.811891279762
2024-03-05,6709.226920392113,343.91615755357145,385.30688451785716,1136.53428475,849.3294650892856
2024-03-12,6390.990111284969,308.4380683154762,373.8206378452381,1094.2365331904762,820.1097586607144
2024-03-19,6143.046998584077,297.36975495238096,356.79625920238095,1055.018858,801.0648536964285
2024-03-26,5802.321242606287,362.5012725988024,333.2967447245509,982.4983948922155,793.1517196826347
2024-04-02,5726.195690707589,340.75704420833335,343.5653419702381,994.3908986011904,814.4605304345238
2024-04-09,5650.245681776786,337.64173598809526,330.72985892261903,981.1202362738096,836.0137545297619
2024-04-16,6371.257890372024,323.12669582142854,365.2681285595238,1105.7831441785715,874.8155502380952
2024-04-23,6122.251862467262,344.71442553571427,356.2449626011905,1028.8545538809524,854.9284818035713
2024-04-30,5598.423590502976,330.92955123214284,324.4825872202381,925.726997547619,823.7646587202381
2024-05-07,5237.762604067709,338.020967375,316.3489220059524,914.9094041666666,815.2656045119048
2024-05-14,5361.467802824404,345.0637088452381,325.32678376785714,917.653818952381,802.2278650238096
2024-05-21,5532.101563188988,306.53089060119044,341.32145038690476,962.8695663988094,754.6967306964286
2024-05-28,5500.690590759673,283.88565763690474,347.01383798809525,987.3929454404762,769.5201785357143
2024-06-04,5314.05406765253,294.42415273809524,338.55470510119045,935.5929357202381,798.4836676488095
2024-06-11,5342.718577866815,311.7162055416667,331.6108065297619,933.9733757440475,791.4457706607143
2024-06-18,5443.38450902753,305.57771038690476,343.8583979702381,950.8154216488094,748.2470203809523
2024-06-25,5451.311407229911,286.47276927380955,350.2809495833333,946.8228703035714,794.3113571547619
2024-07-02,5310.558719170387,271.3195465654762,332.53809971428575,927.517817327381,878.1419326369048
2024-07-09,5324.774537729911,280.2444657202381,336.6828892440476,937.0785548452382,758.7462293154762
2024-07-16,5143.490968968006,300.4201748630952,330.4233207797619,898.0886582500001,735.5593294940476
2024-07-23,4888.172219932291,301.0441112559524,322.14172554166663,871.7414323988096,730.5293158035714
2024-07-30,4724.316370800596,263.33460450595237,317.0082503392857,849.3046926071429,677.4970104583333
2024-08-06,5096.698869718006,271.6486478154762,342.5781972440476,912.1415860476191,843.0465757559524
2024-08-13,5259.400213093007,250.23892480952378,354.31847932738094,953.9441681011905,788.0703706785714
2024-08-20,5375.386203706101,305.79033319642855,337.3259133809524,933.757712375,713.2718985
2024-08-27,5436.045076610862,289.70313073809524,348.4936234285714,952.4536543988096,742.8833066785714
2024-09-03,5502.6025612537205,307.77607529761906,349.1408436964286,953.701313797619,731.282924404762
2024-09-10,5688.513777254465,278.8187694107143,345.7639754285714,988.1301575416666,727.0117589464286
2024-09-17,5612.325872997024,278.7087392023809,330.3077424107143,972.3145242559523,750.9751303690476
2024-09-24,5789.18906508631,322.4026674583333,333.23364380357145,1000.7444337321429,879.2924486190476
2024-10-01,5941.342732651786,304.41686058333335,336.4267281607143,1029.0778041964286,848.4692874285714
2024-10-08,5905.533838889881,341.67962001785713,351.5859210178572,997.5334444464286,885.1395692738096
2024-10-15,5890.738152116071,336.16222977380954,355.00724328571425,1021.128067845238,848.7340425595238
2024-10-22,5909.889321119083,298.2719555029586,356.63989177514793,1049.624456331361,806.3579569763314
2024-10-29,6129.374040444941,295.2350715892857,363.9858989404762,1088.8800683511904,829.3481412083333
2024-11-05,6429.64858355878,316.5753200595238,376.41321692857144,1109.623530595238,809.9856735119048
2024-11-12,6903.438361094494,344.3939695535714,399.96574319642855,1168.8489446964286,868.8358747857144
2024-11-19,7362.956518892113,377.082403202381,415.8791296488095,1218.0927706666666,928.2992372023809
2024-11-26,7187.754631165923,371.4760879047619,407.7708012380952,1207.7632595654763,944.8481075178572
2024-12-03,7359.63584123735,379.11503867261905,412.3054797559524,1228.1678937619047,954.7232466964285
2024-12-10,7612.713896302828,391.8664334702381,425.8783035119048,1259.1042918154762,953.9436559821429
2024-12-17,7097.563186874256,368.5359073988095,395.40242532738097,1202.9515333154761,968.4406868988094
2024-12-24,6679.290120011905,326.1192841190476,357.09699217857144,1125.0297955059523,923.8292814523809
2024-12-31,6670.424428543217,338.1278573670134,381.18503677860326,1139.7761352213965,912.2138138900444
2025-01-07,7349.900703006212,384.66966485714283,412.64967397619046,1242.4432454702383,924.216570375
2025-01-14,7769.269815405021,405.7058592440476,430.9623589880952,1301.8926538809524,968.4449150238096
2025-01-21,7284.911418083592,381.0590473154762,409.41949461309525,1231.3104767738096,947.0996702857142
2025-01-28,7246.01934350026,380.8319062440476,409.8713428035714,1223.3618997797619,955.5602817738095
2025-02-04,7423.981302196688,385.22051129761905,413.18057044642853,1235.8589543392857,928.9111669107142
2025-02-11,7384.925029928831,369.5389200595238,416.22971310714286,1224.9458796964286,907.9404232261904
2025-02-18,7044.73002807764,362.9616939047619,400.3845065416666,1179.9061684345238,885.9122801130952
2025-02-25,7033.450556666926,335.0945095416667,394.25163604761906,1188.1978395119047,891.175324077381
2025-03-04,6452.409432446688,329.4789982738095,363.6476576488095,1093.7901102797618,854.6683115000001
2025-03-11,6807.623981309783,345.57511820238096,387.3360230535714,1147.103339404762,935.1421812380953
2025-03-18,6226.513239986307,324.89334134523807,351.42674901190475,1059.894877047619,856.0204457559524
2025-03-25,6262.326546835303,282.19488898802393,348.0212903892216,1078.8973973892216,859.7896848742515
2025-04-01,5878.1964743844355,281.5243898154762,340.8714813035714,1018.2829869404761,831.915382595238
2025-04-08,5706.768520949912,293.7814271666667,336.4400157202381,990.1589389761905,796.6810551666666
2025-04-15,5450.812645807055,294.99940398214284,326.40763173809523,940.5379474761905,748.2651359464286
2025-04-22,5545.434960259436,273.05177826190476,340.49346214285714,957.123149470238,789.3964791904762
2025-04-29,5268.741910479674,265.86093472619046,318.2105041488095,907.6638886488095,764.6435977499999
2025-05-06,5727.976703336816,302.68384344642857,345.78636421428575,997.026453220238,789.123409529762
2025-05-13,5339.496334080095,290.8960107440476,324.0955943273809,941.2752397678572,756.9309949761905
2025-05-20,5568.837617544995,294.60612679166667,341.33171695833335,975.6065109583334,774.3932599166667
2025-05-27,5094.506467027137,302.0918200059524,318.4016353869048,905.4199859047618,782.6754521369048
2025-06-03,5219.294576622376,336.96514167261904,326.78053530952377,913.462328345238,822.9044161607143
2025-06-10,5278.12907465809,328.23108403571433,331.511792797619,934.8673383809523,794.9826139583333
2025-06-17,5280.395180175947,314.02535532738096,330.7175654642857,941.2672733928573,815.5283187559523
2025-06-24,5419.5910723545185,320.85833464285713,338.61431379761905,971.8049262321429,824.1797718214286
2025-07-01,5522.288838902137,317.73008514285715,337.66161162500003,982.353793154762,813.0801520535713
2025-07-08,5202.124782693804,297.66933079761907,308.8200293333333,919.5552236845238,841.5398413273809
2025-07-15,5096.622925348566,301.78848890476195,314.7418569047619,903.572576845238,785.8921182738095
2025-07-22,4918.883707312852,289.14516664285713,311.09187850595237,884.732299970238,755.7135079107143
2025-07-29,4731.921744521185,269.75463880952384,302.4406328154762,847.8655725,789.5632077440476
2025-08-05,5029.397815890233,265.1895782440476,322.0208914583333,891.9337172261903,804.3677077142856
2025-08-12,5393.430244360471,273.28182261309524,348.73073825595236,966.7768967738097,818.2779212202381
2025-08-19,5366.491499925947,294.8358656845238,326.3444316904762,945.8977974226191,779.1223550892856
2025-08-26,5423.759780479519,308.9259815892857,328.36120070833334,946.1134357083333,792.4708998928571
2025-09-02,5413.972085800947,288.63110479761906,333.68265413095236,943.7496229464288,790.0258091190475
2025-09-09,5466.690779467307,281.29909498809525,329.4036697083333,955.3039888630952,728.6008476428572
2025-09-16,5418.271379485626,305.39888266071426,320.54748903571425,955.8323592261904,799.4528388214286
2025-09-23,5868.402154688007,308.3706107857143,337.98952392857143,1033.0596746726192,792.3247686785713
2025-09-30,5885.647565116579,309.1739034047619,336.75204189285716,1039.2561285,828.7483326607141
2025-10-07,5829.563201878484,301.3854823928571,345.6305481904762,1008.4262971964285,805.3065571785714
2025-10-14,6072.192900741579,295.05411241666667,361.35073419642856,1054.4757809345238,821.682737202381
2025-10-21,6342.830560767306,325.46091498816565,373.1615886568047,1105.1039845443786,875.7020452426035
2025-10-28,6287.846537187844,328.26369782738095,371.994898547619,1101.1014802678571,886.9255618511904
2025-11-04,6577.037904357402,329.6103867440476,377.64126638690476,1157.9407765238095,864.2715320238094
2025-11-11,6499.769402381212,334.6750282142857,379.8644193452381,1128.0667711190476,863.3661434404762
2025-11-18,7613.342463494308,376.0366652380952,415.7727727678571,1276.5753562023808,945.6163855059524
2025-11-25,7425.695849119307,392.3235865297619,417.2273605952381,1260.2326894464286,977.5503939166667
2025-12-02,7239.904490113354,367.9451573869047,416.5371557023809,1251.7573209464285,956.0358661309523
2025-12-09,7154.756839369307,373.34933129166666,402.4673580297619,1226.5532392559523,899.6311738571428
2025-12-16,7069.696834690736,359.5643662738095,395.8285318809524,1237.5143811785715,908.3275174464285
2025-12-23,6689.21628352407,326.0410927023809,365.76716352380953,1156.8055319761904,958.0044400178572
2025-12-30,7115.30101234989,353.24006212499995,389.084374625,1200.3454401249999,998.6914888541666
